title,snippet,link,position,date
"Quixplained: Understanding Pegasus, the spyware developed ...","Aug 3, 2021 — A global collaborative investigative project has discovered Israeli spyware Pegasus was used to target thousands of people across the world.Aug 13, 2021 — Project Pegasus: The Israeli spyware, revealed to have been used to target hundreds of phones in India, has grown less reliant on clicks.",https://indianexpress.com/article/explained/project-pegasus-india-spyware-controversy-quixplained-7412960/,0,2021-10-17 14:08:06
"Quixplained: Understanding Pegasus, the spyware developed ...","Aug 3, 2021 — A global collaborative investigative project has discovered Israeli spyware Pegasus was used to target thousands of people across the world.",https://indianexpress.com/article/explained/project-pegasus-india-spyware-controversy-quixplained-7412960/,1,2021-10-17 14:08:06
Explained: How Pegasus spyware infects a device - The ...,"Aug 13, 2021 — Project Pegasus: The Israeli spyware, revealed to have been used to target hundreds of phones in India, has grown less reliant on clicks.",https://indianexpress.com/article/explained/pegasus-whatsapp-spyware-israel-india-7410890/,2,2021-10-17 14:08:06
Project Pegasus: India is at the crossroads - Hindustan Times,"Jul 24, 2021 — The revelations will have profound implications on India's domestic politics, institutional relationships, and the nature of the contract ...",https://www.hindustantimes.com/opinion/project-pegasus-india-is-at-the-crossroads-101627135036322.html,3,2021-10-17 14:08:06
Pegasus Project: 161 Names Revealed By The Wire On ...,"Aug 4, 2021 — The news organisations working on Pegasus Project were ... [Read more: Snoop List Has 40 Indian Journalists, Forensic Tests Confirm Presence ...",https://thewire.in/rights/project-pegasus-list-of-names-uncovered-spyware-surveillance,4,2021-10-17 14:08:06
Pegasus Project (investigation) - Wikipedia,"India — The former IT minister of India Ravi Shankar Prasad asked, ""If more than 45 nations are using Pegasus as NSO has said, why is only India being ...",https://en.wikipedia.org/wiki/Pegasus_Project_(investigation),5,2021-10-17 14:08:06
"'False rumours': Stand by findings of Pegasus Project, says ...","Jul 22, 2021 — India News: NEW DELHI: The Amnesty International on Thursday said it stands by the findings of the Pegasus Project and asserted that the ...",https://timesofindia.indiatimes.com/india/false-rumours-stand-by-findings-of-pegasus-project-says-amnesty-international/articleshow/84643073.cms,6,2021-10-17 14:08:06
India's PM Modi accused of 'treason' over Pegasus spyware ...,"Jul 20, 2021 — Indian PM attacked after revelations that dozens of Indians were ... called the Pegasus Project, Amnesty's International's Security Lab ...",https://www.aljazeera.com/news/2021/7/20/pegasus-project-india-modi-treason-spyware-snooping-scandal,7,2021-10-17 14:08:06
NSO Group's Pegasus spyware used in India to hack into ...,"Jul 19, 2021 — The Pegasus Project is a collaborative investigation that involves more than 80 journalists from 17 news organizations coordinated by Forbidden ...Jul 19, 2021 — This news report, thus, also appears to be a similar fishing expedition, based on conjectures and exaggerations to malign the Indian democracy ...",https://www.washingtonpost.com/world/2021/07/19/india-nso-pegasus/,8,2021-10-17 14:08:06
NSO Group's Pegasus spyware used in India to hack into ...,"Jul 19, 2021 — The Pegasus Project is a collaborative investigation that involves more than 80 journalists from 17 news organizations coordinated by Forbidden ...",https://www.washingtonpost.com/world/2021/07/19/india-nso-pegasus/,9,2021-10-17 14:08:06
Responses from countries to the Pegasus Project - The ...,"Jul 19, 2021 — This news report, thus, also appears to be a similar fishing expedition, based on conjectures and exaggerations to malign the Indian democracy ...",https://www.washingtonpost.com/investigations/2021/07/18/responses-countries-pegasus-project/,10,2021-10-17 14:08:06
Massive data leak reveals Israeli NSO Group's spyware used,"Jul 18, 2021 — The Pegasus Project lays bare how NSO's spyware is a weapon of choice for ... Bahrain, Hungary, India, Kazakhstan, Mexico, Morocco, Rwanda, ...",https://www.amnesty.org/en/latest/press-release/2021/07/the-pegasus-project/,11,2021-10-17 14:08:06
"Explained: The revelations from the Pegasus Project, and who ...","Jul 19, 2021 — Pegasus had surfaced in the Indian news media in 2019 when it was found that activists and lawyers, who represented those arrested in the Bhima ...",https://www.thenewsminute.com/article/explained-revelations-pegasus-project-and-who-were-those-hacked-152573,12,2021-10-17 14:08:06
Explained: Project Pegasus and India's potential targets,"Jul 21, 2021 — Explained: Project Pegasus and India's potential targets. ... Pay to keep news free. Complaining about the media is easy and often justified ...",https://www.newslaundry.com/2021/07/22/explained-project-pegasus-and-indias-potential-targets,13,2021-10-17 14:08:06
OPINION: The Pegasus Project—Propaganda or Reality?,"Jul 22, 2021 — It will be prudent for the government of India to order a detailed inquiry against the consortium members to unearth the larger conspiracy ...",https://www.news18.com/news/opinion/opinion-the-pegasus-project-propaganda-or-reality-3994604.html,14,2021-10-17 14:08:06
PROJECT PEGASUS: A NON-ISSUE - The Hans India,"Jul 23, 2021 — The addictive craving for sensationalism in India is the only reason why 'Project Pegasus' is making news headlines in the Indian media for ...",https://www.thehansindia.com/hans/opinion/news-analysis/project-pegasus-a-non-issue-697407,15,2021-10-17 14:08:06
Pegasus Project: Why 17 news outlets are working ... - CNN,"Jul 19, 2021 — Forensic tests affirmed the presence of spyware on some phones. More will be coming out in the days ahead. The participating news outlets are ...",https://www.cnn.com/2021/07/19/media/pegasus-project-spyware-reliable-sources/index.html,16,2021-10-17 14:08:06
Dalai Lama's inner circle listed in Pegasus project data - The ...,"Jul 23, 2021 — Indian government, which hosts the Tibetan leader, suspected of being NSO client that selected numbers.",https://www.theguardian.com/news/2021/jul/22/dalai-lama-inner-circle-listed-pegasus-project-data,17,2021-10-17 14:08:06
"Centre responds to the 'Pegasus Project' report, terms it as a ...","Rubbishing the report that the Indian government allegedly spied on over 300 citizens, including 40 journalists via Israeli spyware Pegasus, ...",https://www.republicworld.com/india-news/general-news/centre-responds-to-the-pegasus-project-report-terms-it-as-a-fishing-expedition.html,18,2021-10-17 14:08:06
DNA Special: Pegasus project - exaggerated claims based on ...,"Jul 20, 2021 — It is named Pegasus Project. It is alleged that many important people of India were spied on with the help of Pegasus, made by NSO Group, ...",https://www.dnaindia.com/analysis/report-pegasus-project-exaggerated-claims-based-on-baseless-report-what-you-should-know-2901418,19,2021-10-17 14:08:06
THE PEGASUS PROJECT Live Blog: Major Stories from ... - PBS,"Aug 3, 2021 — ... list of news articles from our partners in “The Pegasus Project,"" ... India, Mexico, Lawyers & Activists; Sunday, July 18: The Pegasus ...",https://www.pbs.org/wgbh/frontline/article/the-pegasus-project-live-blog-major-stories-from-partners/,20,2021-10-17 14:08:06
"'Project Pegasus' exposes snooping of journos, activists ...","Jul 18, 2021 — “The phone numbers of over 40 Indian journalists appear on a leaked list of potential targets for surveillance, and forensic tests have ...",https://www.eastmojo.com/national-news/2021/07/18/project-pegasus-exposes-snooping-of-journos-activists-politicians-across-india/,21,2021-10-17 14:08:06
Project Pegasus and India's potential targets | NL Cheatsheet,"Да бисте преузели мп3 од Explained Project Pegasus And India S Potential Targets Nl Cheatsheet, ... amnesty.org/en/latest/news/2021/07/the-pegasus-project/.",http://stage.rimadesio.it/to/explained-project-pegasus-and-india-s-potential-targets-nl-cheatsheet.xhtml,22,2021-10-17 14:08:06
India's Gandhi and Pakistan's Khan tapped as targets in Israeli ...,"Jul 19, 2021 — Project Pegasus reveals massive list of potential targets of ... Indian newspaper The Wire, revealed Monday that Rahul Gandhi, Indian Prime ...",https://www.haaretz.com/israel-news/tech-news/india-s-gandhi-and-pakistan-s-khan-tapped-as-israeli-nso-spyware-targets-1.10012729,23,2021-10-17 14:08:06
Project Pegasus: Unauthorized Snooping Or Threat To ...,"Aug 9, 2021 — This write up is all about India's Watergate moment of unchecked snooping. The leaked list is of “Potential Targets” only, some of the cell ...",https://www.eurasiareview.com/09082021-project-pegasus-unauthorized-snooping-or-threat-to-national-security-oped/,24,2021-10-17 14:08:06
"After Pegasus, Top Israeli Defence Committee To Meet On ...","Aug 4, 2021 — The Pegasus Project is a consortium of media outlets that ... Track Latest News Live on NDTV.com and get news updates from India and around ...",https://www.ndtv.com/world-news/pegasus-scandal-top-israeli-defence-committee-to-convene-closed-session-on-use-of-offensive-cyberarms-2502461,25,2021-10-17 14:08:06
The Pegasus leak: What you need to know right now - Firstpost,"Jul 20, 2021 — Pegasus is a spyware suite sold by Israeli company NSO Group to “vetted ... India should consider indigenous project with navy's Submarine ...",https://www.firstpost.com/tech/news-analysis/the-pegasus-leak-what-you-need-to-know-right-now-9819351.html,26,2021-10-17 14:08:06
Project Pegasus: spyware causes political storm in India,"Jul 31, 2021 — At the Indian editorial staff of the online news site ""The Wire"", which is part of the consortium of 17 media outlets from around the world ...",https://www.tellerreport.com/news/2021-07-31-project-pegasus--spyware-causes-political-storm-in-india.HJgfL9szJY.html,27,2021-10-17 14:08:06
The Pegasus Project media index - MSNBC News,"Jul 19, 2021 — Rachel Maddow Show: The Pegasus Project media index - The collective journalism on ... In India, it was used to hack journalists and others.",https://www.msnbc.com/rachel-maddow-show/pegasus-project-media-index-n1274437,28,2021-10-17 14:08:06
Explained | Pegasus and the laws on surveillance in India,"Jul 25, 2021 — The story so far: An international group of news publications are reporting that a ... Reports from the grouping called the Pegasus Project, ...",https://www.thehindu.com/news/national/explained-pegasus-and-the-laws-on-surveillance-in-india/article35516430.ece,29,2021-10-17 14:08:06
Pegasus Project: All the Articles - Forbidden Stories,"Indian opposition leader Rahul Gandhi, his advisors and at least five of his friends were selected with the Pegasus spyware. The surveillance lasted throughout ...",https://forbiddenstories.org/pegasus-project-articles/,30,2021-10-17 14:08:06
India's highest court weighs Pegasus phone snooping inquiry,"Aug 5, 2021 — We'll send you a myFT Daily Digest email rounding up the latest Indian politics & policy news every morning. India's Supreme Court has begun ...",https://www.ft.com/content/9d6c9e0b-bb66-4387-ba70-9db8f70d6348,31,2021-10-17 14:08:06
India: Spyware Use Violates Supreme Court Privacy Ruling,"Aug 26, 2021 — In July, the Indian news website The Wire, as part of the international collaborative Pegasus project, reported that there were at least 300 ...",https://www.hrw.org/news/2021/08/26/india-spyware-use-violates-supreme-court-privacy-ruling,32,2021-10-17 14:08:06
Gravitas plus: Who is behind Pegasus project? | India News,"Aug 2, 2021 — Many of the organisations associated with the Pegasus project have been found to be linked with George Soros' Open Society Foundations ...Jul 19, 2021 — Named “Pegasus Project”, the report has made astonishing allegations against the government of India. Zee News Editor-in-Chief Sudhir Chaudhary ...",https://zeenews.india.com/india/gravitas-plus-who-is-behind-pegasus-project-2381238.html,33,2021-10-17 14:08:06
Gravitas plus: Who is behind Pegasus project? | India News,"Aug 2, 2021 — Many of the organisations associated with the Pegasus project have been found to be linked with George Soros' Open Society Foundations ...",https://zeenews.india.com/india/gravitas-plus-who-is-behind-pegasus-project-2381238.html,34,2021-10-17 14:08:06
Exposing the foreign conspiracy behind the Pegasus Project,"Jul 19, 2021 — Named “Pegasus Project”, the report has made astonishing allegations against the government of India. Zee News Editor-in-Chief Sudhir Chaudhary ...",https://zeenews.india.com/india/dna-exclusive-exposing-the-foreign-conspiracy-behind-the-pegasus-project-2377403.html,35,2021-10-17 14:08:06
ETtech Explainer: What is Pegasus spyware and how it works,"Jul 21, 2021 — The Pegasus Project, an investigation by an international media consortium, ... On the list were 300 verified phone numbers in India, ...",https://m.economictimes.com/tech/trendspotting/what-is-pegasus-spyware-and-how-it-works/articleshow/84607533.cms,36,2021-10-17 14:08:06
Pegasus Project: Why I am hesitant to defend the government ...,"Jul 22, 2021 — IMAGE: Indian Youth Congress activists during a protest over the Pegasus issue near Parliament House, July 20, 2021. Photograph: PTI Photo.",https://www.rediff.com/news/column/pegasus-why-i-hesitate-to-defend-govt-but-i-must/20210722.htm,37,2021-10-17 14:08:06
Decoded | Flight of Pegasus from Greek mythology to the ...,"Jul 22, 2021 — Project Pegasus has uncovered widespread misuse of NSO's military-grade spyware technology (Illustration by Rahul Gupta/India Today) ...Jul 24, 2021 — The government staunchly denies allegations of having used foreign malware to snoop on private Indian citizens. But the controversy has ...",https://www.indiatoday.in/world/story/decoded-nso-pegasus-spyware-greek-meaning-india-mexico-saudi-uae-1831122-2021-07-22,38,2021-10-17 14:08:06
Decoded | Flight of Pegasus from Greek mythology to the ...,"Jul 22, 2021 — Project Pegasus has uncovered widespread misuse of NSO's military-grade spyware technology (Illustration by Rahul Gupta/India Today) ...",https://www.indiatoday.in/world/story/decoded-nso-pegasus-spyware-greek-meaning-india-mexico-saudi-uae-1831122-2021-07-22,39,2021-10-17 14:08:06
The Pegasus plot thickens - Special Report News - India Today,"Jul 24, 2021 — The government staunchly denies allegations of having used foreign malware to snoop on private Indian citizens. But the controversy has ...",https://www.indiatoday.in/magazine/special-report/story/20210802-the-pegasus-plot-thickens-1831462-2021-07-24,40,2021-10-17 14:08:06
"Pegasus row: List of Indian ministers, political figures, and ...","Jul 20, 2021 — Amnesty International and Forbidden Stories, a Paris-based journalism nonprofit, shared the list with news outlets · The media outlets verified ...",https://www.timesnownews.com/india/article/pegasus-row-list-of-indian-ministers-political-figures-and-others-snooped-on-by-israeli-company-s-spyware/787655,41,2021-10-17 14:08:06
"Who was the Indian client in Pegasus project, asks ...","Jul 27, 2021 — Topics. P Chidambaram | snooping controversy. Who-was-the-Indian-client-in-Pegasus-project-. Congress MP P Chidambaram at Parliament, ...",https://www.business-standard.com/article/current-affairs/who-was-the-indian-client-in-pegasus-project-asks-chidambaram-121072700275_1.html,42,2021-10-17 14:08:06
Project Pegasus: Deeply disappointing to see Apple doing ...,"Jul 22, 2021 — India NewsDigpu News ... Photo of India Press Release ... The 2021 Project Pegasus revelations suggest that current Pegasus software is able ...",https://indiapressrelease.com/india/project-pegasus-deeply-disappointing-to-see-apple-doing-nothing-to-stop-spyware-says-omar-abdullah/,43,2021-10-17 14:08:06
Pegasus and the Snoopgate and why the Government of India ...,"Jul 24, 2021 — Indian Government needs to get ahead of the Pegasus story, or it could become India's Watergate. Did Govt use Pegasus in Kashmir to ...",https://www.pgurus.com/pegasus-and-the-snoopgate-and-why-the-government-of-india-needs-to-get-ahead-of-it/,44,2021-10-17 14:08:06
"Journalists, activists among 50000 targets of Israeli spyware","Jul 19, 2021 — NSO Group's Pegasus malware was abused by its government clients to spy ... The Wire, an Indian news website and member of the consortium, ...",https://www.dw.com/en/journalists-activists-among-50000-targets-of-israeli-spyware-reports/a-58311068,45,2021-10-17 14:08:06
Joti Kaur Rekhi: Pegasus Project Suggests Sikh Journalists ...,"Jul 26, 2021 — Heran, who is the editor of the Sikh-centric newspaper, Rozana Pehredar is among about 40 journalists based in India who are believed to ...",https://www.baaznews.org/p/joti-kaur-rekhi-pegasus-project-suggests,46,2021-10-17 14:08:06
Amnesty International says it stands by Pegasus Project's ...,"Jul 22, 2021 — The organisation shared the list with Indian news website The Wire and 16 other media organisations as part of the Pegasus Project.",https://scroll.in/latest/1000848/amnesty-international-says-it-stands-by-pegasus-projects-findings,47,2021-10-17 14:08:06
NSO's Pegasus spyware: here's what we know - The Verge,"Jul 23, 2021 — The Pegasus Project reports that journalists, activists, and heads ... A coalition of news outlets, including The Washington Post, Le Monde, ...",https://www.theverge.com/22589942/nso-group-pegasus-project-amnesty-investigation-journalists-activists-targeted,48,2021-10-17 14:08:06
"Amnesty has not 'backtracked' on the Pegasus list; media, BJP ...","Jul 25, 2021 — India Today has claimed that Amnesty International, one of the coordinators of the Pegasus Project, has backtracked on its initial reportage ...",https://www.deccanherald.com/national/amnesty-has-not-backtracked-on-the-pegasus-list-media-bjp-make-false-claims-1012639.html,49,2021-10-17 14:08:06
France's Macron targeted in project Pegasus spyware case - Le,"Jul 21, 2021 — Also on Tuesday, the Paris prosecutor's office opened a probe into allegations by investigative news website Mediapart and two of its ...",https://www.reuters.com/technology/french-prosecutor-opens-probe-after-pegasus-spyware-complaint-2021-07-20/,50,2021-10-17 14:08:06
Centre On 'Pegasus Project' Media Report - ABP LIVE,"By: ABP News Bureau18 Jul 2021 11:31 PM (IST) ... The last time people in India heard about Pegasus spyware was in 2019, when some WhatsApp users received ...",https://news.abplive.com/news/india/pegasus-phone-tap-scandal-israeli-firm-tapping-phones-snoop-list-40-indian-journalists-forensic-tests-national-media-targeted-1470401,51,2021-10-17 14:08:06
The Spyware Tool Tracking Dissidents Around the World,"Jul 20, 2021 — Stephanie Kirchgaessner discusses the Pegasus Project, a series of ... political opponents of the Indian Prime Minister, Narendra Modi, ...",https://www.newyorker.com/news/q-and-a/the-spyware-tool-tracking-dissidents-around-the-world,52,2021-10-17 14:08:06
Pegasus Project: Alleged Snoop List Includes 40 Indian ...,"Jul 18, 2021 — Pegasus Project: Alleged Snoop List Includes 40 Indian Journalists, Two Union Ministers, Three Opposition Figures, Several Businessmen.",https://www.latestly.com/india/news/pegasus-project-alleged-snoop-list-includes-40-indian-journalists-two-union-ministers-three-opposition-figures-several-businessmen-2652902.html,53,2021-10-17 14:08:06
Project Pegasus: Unfolding The Cyber Spy - EDUINDEX NEWS,"Aug 15, 2021 — India is also one of the country whose name came out during the investigation. So What is Pegasus? Pegasus is a spying software developed…",https://eduindex.org/2021/08/15/project-pegasus-unfolding-the-cyber-spy/,54,2021-10-17 14:08:06
Jet Airways' Naresh Goyal to Essar Group's Prashant Ruia,"Jul 27, 2021 — ... media partners of the Pegasus Project consortium reporting on the ... Apart from Goyal, Ajay Singh and Ruia, ex-chief at GAIL India B C ...",https://www.financialexpress.com/india-news/jet-airways-naresh-goyal-to-essar-groups-prashant-ruia-pegasus-latest-list-shows-new-potential-targets/2298890/,55,2021-10-17 14:08:06
Decoded | Pegasus flight from Greek mythology to the opaque ...,"Jul 22, 2021 — Project Pegasus reveals how sophisticated spyware Pegasus ... However, he did not deny the use of Pegasus spyware by Indian intelligence.",https://indianewsrepublic.com/decoded-pegasus-flight-from-greek-mythology-to-the-opaque-world-of-spyware/386225/,56,2021-10-17 14:08:06
Pegasus Project Report: Centre Denies Snooping Allegations ...,"Aug 16, 2021 — The Parliament was adjourned since die on August 11. Moneycontrol News. Tags: #Current Affairs #India #Monsoon Session of Parliament #Pegasus ...",https://www.moneycontrol.com/news/politics/pegasus-project-report-centre-denies-snooping-allegations-in-its-affidavit-in-supreme-court-says-will-set-up-probe-committee-7340741.html,57,2021-10-17 14:08:06
Pegasus spyware controversy: The story so far (a timeline of ...,"Jul 25, 2021 — ""India is a robust democracy that is committed to ensuring the right ... The Pegasus Project, a purported expose by 17 news organisations, ...",https://www.freepressjournal.in/india/pegasus-spyware-controversy-the-story-so-far,58,2021-10-17 14:08:06
"Pegasus: Global media calls out NSO, seeks robust ... - ThePrint","Jul 21, 2021 — UK newspaper The Guardian called NSO's defence, that it does not ... If the Pegasus Project's allegations about the Indian government are ...",https://theprint.in/world/pegasus-global-media-calls-out-nso-seeks-robust-oversight-of-unrestrained-spyware-industry/700230/,59,2021-10-17 14:08:06
The Government 'Watching Over' Its Citizens is Kaafi Real,"Jul 20, 2021 — ... on at least 300 Indian phone numbers, including those journalists, ... has erupted in the country over the 'Pegasus Project' reports.",https://www.thequint.com/news/india/pegasus-controversy-the-government-watching-over-its-citizens-is-kaafi-real,60,2021-10-17 14:08:06
"Congress slams BJP, calls it Bharatiya Jasoos Party - Digpu ...","Jul 20, 2021 — ... Indian National Congress, has slammed the Bhartiya Janata Party (BJP) after sensational revelations regarding Project Pegasus.",https://www.digpu.com/india-news/project-pegasus-congress-slams-bjp-calls-it-bharatiya-jasoos-party,61,2021-10-17 14:08:06
Consortium Behind Pegasus Project Wins EU Journalism Prize,"3 days ago — The consortium of journalists behind the Pegasus Project investigation into malware from ... journalists and activists in New Delhi, India.",https://www.usnews.com/news/business/articles/2021-10-14/consortium-behind-pegasus-project-wins-eu-journalism-prize,62,2021-10-17 14:08:06
"""Project Pegasus"": in India, a State within a State ready to do ...","Jul 19, 2021 — This photograph taken and released by the Indian Press Information Office shows Prime Minister Shri Narendra Modi during the 7th ...",https://thecanadian.news/2021/07/19/project-pegasus-in-india-a-state-within-a-state-ready-to-do-anything-to-protect-the-prime-minister/,63,2021-10-17 14:08:06
A Pocket Spy: All You Need To Know About Project Pegasus,"Jul 20, 2021 — The project alleges that not only the autocratic regimes but democratic governments, including India and Mexico, have used spyware for ...",https://bnblegal.com/news/a-pocket-spy-all-you-need-to-know-about-project-pegasus/,64,2021-10-17 14:08:06
NSO Group Blocks Some Governments From Using Its ... - NPR,"Jul 29, 2021 — The NSO employee said the company's investigation found neither was infiltrated with Pegasus. Nearly three weeks before Pegasus Project stories ...",https://www.npr.org/2021/07/29/1022409865/nso-suspended-govvernment-contracts-spyware-pegasus-project,65,2021-10-17 14:08:06
Dalai Lama's close aides in Pegasus project data: Reports,"Jul 22, 2021 — No compatible source was found for this media.Please click here to retry. Latest India News · Pegasus Spyware · dalai lama · Watch ...",https://www.indiatvnews.com/news/india/dalai-lama-s-close-aides-in-pegasus-project-data-721248,66,2021-10-17 14:08:06
Consortium behind Pegasus Project wins EU journalism prize,"3 days ago — The consortium of journalists behind the Pegasus Project investigation into malware from ... journalists and activists in New Delhi, India.",https://www.sandiegouniontribune.com/business/nation/story/2021-10-14/consortium-behind-pegasus-project-wins-eu-journalism-prize,67,2021-10-17 14:08:06
Pegasus: India'S Intelligence Services Are In Midst Of ...,"Jul 21, 2021 — The missing poppy seeds, planted inside the envelopes by Mazzini himself, blew apart their operation. As India grapples with revelations its ...",https://www.cnbctv18.com/views/pegasus-indias-intelligence-services-are-in-midst-of-dangerous-crisis-10057691.htm,68,2021-10-17 14:08:06
Pegasus Project: 'An attack on democracy' - Media India Group,"Jul 21, 2021 — Pushing the narrative that the Pegasus Project is simply a ... from Aaj Tak (a news channel belonging to India Today group) on July 19, ...",https://mediaindia.eu/politics/pegasus-project-an-attack-on-democracy/,69,2021-10-17 14:08:06
Pegasus Project: Full investigation needed after 180 ...,"Jul 19, 2021 — An analysis of the data reveals that the phone numbers of at least 48 journalists in Azerbaijan, 38 in India, 38 in Morocco, 25 in Mexico and 12 ...",https://ipi.media/pegasus-project-full-investigation-needed-after-180-journalists-targeted-by-spyware/,70,2021-10-17 14:08:06
Pegasus Spyware - Drishti IAS,"Jul 19, 2021 — India is not a signatory to this convention. Types of Cyber Attacks. Malware: It is short for malicious software, refers to any kind of software ...",https://www.drishtiias.com/daily-updates/daily-news-analysis/pegasus-spyware,71,2021-10-17 14:08:06
Gravitas: WION's take on the 'Pegasus Project',"Jul 20, 2021 — The Pegasus Project floats in the realm of possibility. There's more insinuation than fact. Here's WION's Palki take on the alleged Pegasus ...",https://www.wionews.com/videos/gravitas-wions-take-on-the-pegasus-project-399118,72,2021-10-17 14:08:06
HIDE AND SEEK: Tracking NSO Group's Pegasus Spyware,"Sep 18, 2018 — Our technique identified a total of 45 countries where Pegasus operators ... Egypt, France, Greece, India, Iraq, Israel, Jordan, Kazakhstan, ...",https://citizenlab.ca/2018/09/hide-and-seek-tracking-nso-groups-pegasus-spyware-to-operations-in-45-countries/,73,2021-10-17 14:08:06
"Pegasus project: Attempt to malign Indian democracy, says IT ...","Jul 19, 2021 — Pegasus project: Attempt to malign Indian democracy, says IT minister in Parliament. Says presence of phone number in database doesn't equal ...",https://www.theweek.in/news/india/2021/07/19/pegasus-project-attempt-to-malign-indian-democracy-says-it-minister-in-parliament.html,74,2021-10-17 14:08:06
Project Pegasus and India's potential targets | NL Cheatsheet,"Explained: Project Pegasus and India's potential targets | NL Cheatsheet. Byindianewsfinance1235. Jul 25, 2021 india news ...",https://indianewsfinance.com/index.php/2021/07/25/explained-project-pegasus-and-indias-potential-targets-nl-cheatsheet/,75,2021-10-17 14:08:06
"Pegasus spyware: Union ministers, opposition leaders and ...","Jul 18, 2021 — The surveillance operation was purportedly conducted using the Pegasus spyware, ... by Pegasus spyware in 37 phones, of which 10 are Indian.",https://www.onmanorama.com/news/india/2021/07/18/pegasus-spyware-ministers-journalists.html,76,2021-10-17 14:08:06
The Pegasus Project: what happened and how to protect ...,"News. July 22, 2021. Share. The Pegasus Project: what happened and how to protect yourself. More than 180 journalists were discovered in a database of phone ...",https://www.sharefoundation.info/en/the-pegasus-project-what-happened-and-how-to-protect-yourself/,77,2021-10-17 14:08:06
Chidambaram's new claim about the government on Pegasus,Chidambaram on Pegasus: Chidambaram's new claim about the government on Pegasus espionage case Hindustan News Hub. ... Hindustan News Hub in India News ...,https://hindustannewshub.com/india-news/chidambaram-on-pegasus-chidambarams-new-claim-about-the-government-on-pegasus-espionage-case/,78,2021-10-17 14:08:06
"Project Pegasus: How Phones of Journalists, Ministers ...","Jul 23, 2021 — Project Pegasus: How Phones of Journalists, Ministers, Activists May Have Been Used to Spy On Them. Megathread. r/india - Project Pegasus: ...",https://www.reddit.com/r/india/comments/omtjrq/project_pegasus_how_phones_of_journalists/,79,2021-10-17 14:08:06
"For Modi and the BJP, Pegasus Is India's Watergate Moment","Jul 21, 2021 — A journalist hacked by Pegasus says he will survive, but Indian ... co-founder of India's independent news portal The Wire—one of the 17 ...",https://foreignpolicy.com/2021/07/21/india-israel-nso-pegasus-spyware-hack-modi-bjp-democracy-watergate/,80,2021-10-17 14:08:06
Consortium behind Pegasus Project wins EU journalism prize,3 days ago — The consortium of journalists behind the Pegasus Project ... human rights group Amnesty International and shared with 16 news organizations.,https://www.fox23.com/news/consortium-behind/B3XPVSVBPMJ2L4P7UKM4YXAY4E/,81,2021-10-17 14:08:06
Israeli Spyware Maker Is in Spotlight Amid Reports of Wide ...,"Jul 19, 2021 — ... of news organizations suggests that several countries use Pegasus, ... Bahrain, India, Mexico, Morocco, Saudi Arabia and the U.A.E..",https://www.nytimes.com/2021/07/18/world/middleeast/israel-nso-pegasus-spyware.html,82,2021-10-17 14:08:06
Pegasus: Spyware sold to governments 'targets activists' - BBC,"Jul 19, 2021 — They are on a list of some 50,000 phone numbers of people believed to be of interest to clients of the company, NSO Group, leaked to major news ...",https://www.bbc.com/news/technology-57881364,83,2021-10-17 14:08:06
Report on Pegasus project attempt to malign Indian democracy,"Jul 19, 2021 — Home >News >India >Report on Pegasus project attempt to malign Indian democracy: IT Minister Ashwini Vaishnaw ...",https://www.livemint.com/news/india/report-on-pegasus-project-attempt-to-malign-indian-democracy-it-minister-ashwini-vaishnaw-11626692460620.html,84,2021-10-17 14:08:06
About the Pegasus Project - Rappler,"Jul 19, 2021 — ... from the Pegasus Project, such as Siddarth Varadarajan, an Indian investigative journalist and founder of the news site The Wire, ...",https://www.rappler.com/technology/features/about-the-pegasus-project-forbidden-stories,85,2021-10-17 14:08:06
"ANI on Twitter: ""Government of India's response to inquiries on ...","Jul 18, 2021 — Multi-media news agency, content for information platforms: TV, ... of India's response to inquiries on the 'Pegasus Project' media ...",https://twitter.com/ani/status/1416800154871468036?lang=en,86,2021-10-17 14:08:06
Pegasus Project Explained: Can Anyone Be Targeted? How ...,"Jul 20, 2021 — Here's what you need to know about this issue. Related Stories. Pegasus Report: Indian Journalists, Ministers On Spyware Snoop List, Govt ...",https://www.outlookindia.com/website/story/india-news-pegasus-project-explained-can-anyone-be-targeted-how-can-infection-be-thwarted/388821,87,2021-10-17 14:08:06
What's the Pegasus Project? 17 news outlets are working ...,"Jul 20, 2021 — WaPo interviewed some of the affected individuals, including Siddharth Varadarajan, co-founder of The Wire, a nonprofit news outlet in India. “ ...",https://www.wraltechwire.com/2021/07/20/whats-the-pegasus-project-17-news-outlets-are-working-together-to-cover-spyware-on-a-mass-scale/,88,2021-10-17 14:08:06
Spyware scandal shakes trust in India's democracy – again,"Jul 26, 2021 — The Indian government's alleged use of Pegasus phone hacking software ... journalist working with The Wire, a prominent Indian news website.",https://www.csmonitor.com/World/Asia-South-Central/2021/0726/Spyware-scandal-shakes-trust-in-India-s-democracy-again,89,2021-10-17 14:08:06
Pegasus Project consortium wins first Daphne Caruana ...,"3 days ago — The consortium of journalists behind the Pegasus Project ... rights group Amnesty International, and was shared with 16 news organisations.",https://www.euronews.com/2021/10/14/pegasus-project-consortium-wins-first-daphne-caruana-galizia-journalism-prize,90,2021-10-17 14:08:06
Consortium behind Pegasus Project wins EU journalism prize,3 days ago — The consortium of journalists behind the Pegasus Project ... human rights group Amnesty International and shared with 16 news organizations.,https://www.wftv.com/news/consortium-behind/B3XPVSVBPMJ2L4P7UKM4YXAY4E/,91,2021-10-17 14:08:06
"Pegasus 'snoopgate' explainer: Loopholes, conjectures ...","Jul 19, 2021 — The response that was exclusively reported by OpIndia also said the same. Add to that, the fact that NSO has recently spoken to Indian news ...",https://www.opindia.com/2021/07/project-pegasus-snoopgate-explained-wire-guardian-soros-us-government/,92,2021-10-17 14:08:06
Consortium behind Pegasus Project wins EU ... - Yahoo News,"3 days ago — The consortium of journalists behind the Pegasus Project investigation into malware from ... journalists and activists in New Delhi, India.",https://www.yahoo.com/now/consortium-behind-pegasus-project-wins-103204661.html,93,2021-10-17 14:08:06
The Pegasus Project - OCCRP,"Jul 18, 2021 — PBS Frontline (U.S.) Proceso (Mexico) Radio France (France) Süddeutsche Zeitung (Germany) The Washington Post (U.S.) The Wire (India).",https://www.occrp.org/en/the-pegasus-project/,94,2021-10-17 14:08:06
News Guru | Pegasus Project & the politics of surveillance,"Sep 27, 2021 — As the Pegasus snooping reports create a global outcry and a political war of words in India, Editorji's Vikram Chandra breaks down the alleged ...",https://www.editorji.com/story/news-guru-pegasus-project-the-politics-of-surveillance-1627050711354,95,2021-10-17 14:08:06
Consortium behind Pegasus Project wins EU journalism prize,3 days ago — BRUSSELS (AP) — The consortium of journalists behind the Pegasus Project investigation into malware from Israel-based NSO Group that ...,https://www.bozemandailychronicle.com/ap_news/business/consortium-behind-pegasus-project-wins-eu-journalism-prize/article_cb3bdddb-19df-59f8-bdb8-e924b44a3818.html,96,2021-10-17 14:08:06
The Pegasus Project awarded the 2021 Daphne Caruana ...,"3 days ago — With more than 30 partner news organizations around the world and nearly 100 journalists, Forbidden Stories relies on a network that believes ...",https://www.europarl.europa.eu/news/en/press-room/20211008IPR14514/the-pegasus-project-awarded-the-2021-daphne-caruana-galizia-prize-for-journalism,97,2021-10-17 14:08:06
Consortium behind Pegasus Project wins EU journalism prize,"BRUSSELS (AP) — The consortium of journalists behind the Pegasus Project ... to monitor political opponents, journalists and activists in New Delhi, India.",https://tucson.com/news/world/consortium-behind-pegasus-project-wins-eu-journalism-prize/article_9b1d25c0-54df-5573-aa0b-83279364e006.html,98,2021-10-17 14:08:06
Consortium behind Pegasus Project wins EU journalism prize,3 days ago — BRUSSELS (AP) -- The consortium of journalists behind the Pegasus Project investigation into malware from Israel-based NSO Group that ...,https://ktar.com/story/4726449/consortium-behind-pegasus-project-wins-eu-journalism-prize/,99,2021-10-17 14:08:06
Consortium behind Pegasus Project wins EU journalism prize,"3 days ago — BRUSSELS (AP) — The consortium of journalists behind the Pegasus Project investigation ... journalists and activists in New Delhi, India.",https://www.ktbs.com/news/national/consortium-behind-pegasus-project-wins-eu-journalism-prize/article_a9c6f1d9-e5dd-597f-8c2b-de8f30002d33.html,100,2021-10-17 14:08:06
Pegasus Project wins Daphne Caruana Galizia journalism prize,"3 days ago — The European Parliament's journalism prize, named after assassinated journalist Daphne Caruana Galizia was awarded on Thursday (14 October) ...",https://www.euractiv.com/section/digital/news/pegasus-project-wins-daphne-caruana-galizia-journalism-prize/,101,2021-10-17 14:08:06
Consortium behind Pegasus Project wins EU journalism prize,"3 days ago — The European Parliament said in a statement that the “unprecedented leak […] | Local News from KRQE News 13 in Albuquerque, New Mexico.",https://www.krqe.com/news/world/consortium-behind-pegasus-project-wins-eu-journalism-prize/,102,2021-10-17 14:08:06
Project Pegasus and India's potential targets | NL Cheatsheet,An international collaborative investigative effort has revealed that more than 50000 people across the world ...,https://www.youtube.com/watch?v=MFtwPqyyrYs,103,2021-10-17 14:08:08
Consortium behind Pegasus Project wins EU journalism prize,"3 days ago — The European Parliament said in a statement that the “unprecedented leak […] | Local News from KRQE News 13 in Albuquerque, New Mexico.",https://www.krqe.com/news/world/consortium-behind-pegasus-project-wins-eu-journalism-prize/,104,2021-10-17 14:08:08
Consortium behind Pegasus Project wins EU journalism prize,3 days ago — Consortium behind Pegasus Project wins EU journalism prize ... rights group Amnesty International and shared with 16 news organizations.,https://www.whec.com/national/consortium-behind-pegasus-project-wins-eu-journalism-prize/6269332/,105,2021-10-17 14:08:08
300 Indian Phones Hacked By Pegasus Spyware - HW News,"Jul 19, 2021 — Pegasus Project: 40 Indian Journalists, 2 Modi Cabinet Ministers, A Supreme Court Judge Among 300 Indians Targeted By Israeli Spyware · The ...",https://hwnews.in/news/national-news/pegasus-project-40-indian-journalists-2-modi-cabinet-ministers-a-supreme-court-judge-among-300-indians-targeted-by-israeli-spyware/160872,106,2021-10-17 14:08:08
Reporting on reach of Israeli spyware Pegasus wins EU ...,3 days ago — Congress party workers during a protest accusing Indian Prime ... of journalists behind the Pegasus Project investigation into malware from ...,https://www.timesofisrael.com/reporting-on-reach-of-israeli-spyware-pegasus-wins-eu-journalism-prize/,107,2021-10-17 14:08:08
Consortium behind Pegasus Project wins EU journalism prize,"3 days ago — BRUSSELS (AP) — The consortium of journalists behind the Pegasus ... journalists and activists in New Delhi, India. ... Submit Your News.",https://www.voiceofalexandria.com/news/national_business_news/consortium-behind-pegasus-project-wins-eu-journalism-prize/article_78494afd-b49c-5091-9b7f-5c8ebffb91f7.html,108,2021-10-17 14:08:08
Consortium behind Pegasus Project wins EU journalism prize,"Consortium behind Pegasus Project wins EU journalism prize. Technology News. Posted: Oct 14, 2021 / 05:34 AM CDT / Updated: Oct 14, 2021 / 07:00 AM CDT.",https://wgnradio.com/news/technology-news/consortium-behind-pegasus-project-wins-eu-journalism-prize/,109,2021-10-17 14:08:08
Pegasus Project Issue India 2021 | MediaNama,"""Pegasus Project Issue India 2021"". justice, law, globe. News. Dubai's ruler used Pegasus spyware to spy on his ex-wife Haya, confirms UK's High Court.",https://www.medianama.com/tag/pegasus-project-issue-india-2021/,110,2021-10-17 14:08:08
What is Pegasus and how can it target Indians? - Quartz,"Oct 30, 2019 — Among the many unanswered questions in the Israeli spyware being used to surveil Indian activists and journalists through WhatsApp story: 1. Who ...",https://qz.com/india/1739097/what-is-pegasus-and-how-did-it-target-indians-on-whatsapp/,111,2021-10-17 14:08:08
Pegasus Spyware _ ஒரே ஒரு மிஸ்டு கால்... உங்க ...,"Aug 7, 2021 — Explained: What is Project Pegasus? ... Is Pegasus snooping behind the brutal murder of Journalists worldwide? ... The Indian Express.",https://www.dailymotion.com/video/x837xhh,112,2021-10-17 14:08:08
Pegasus Project: Attempt made to malign Indian… - MSN,"Jul 19, 2021 — Speaking on Pegasus Project in Lok Sabah Union Electronics Information Technology Minister Ashwini Vaishnaw on July 19 said that the press ...",https://www.msn.com/en-in/health/medical/pegasus-project-attempt-made-to-malign-indian-democracy-says-it-minister-in-ls/vp-AAMkdxB,113,2021-10-17 14:08:08
इजराइली सॉफ्टवेयर पेगासस से भारत में 300 लोगों की जासूसी; जानिए ...,"Jul 20, 2021 — What Is In The Pegasus Project Data? Israeli Company NSO Data Leak Case; लीक हुआ डेटा 50000 से अधिक फोन नंबरों की ...",https://www.bhaskar.com/db-original/explainer/news/pegasus-project-explained-data-leak-india-list-software-by-israeli-company-nso-group-128724412.html,114,2021-10-17 14:08:08
The Pegasus Project; India's Death Toll Too Conservative,"Jul 21, 2021 — On this episode of Fault Lines, hosts Jamarl Thomas and Shane Stranahan have a discussion on the malware scheme known as the Pegasus Project ...",https://sputniknews.com/radio_fault_lines/202107211083424033-the-pegasus-project-indias-death-toll-too-conservative/,115,2021-10-17 14:08:08
"How Ministers, Politicians, Journalists in India Have Been ...","Jul 18, 2021 — Home; »; 2021; »; July; »; 18; »; Pegasus Project Explained: How Ministers, Politicians, Journalists in India Have Been Spied On; » ...",https://www.recital360.com/2021/07/18/pegasus-project-explained-how-ministers-politicians-journalists-in-india-have-been-spied-on/,116,2021-10-17 14:08:08
Policy explainer brief: the Pegasus Project revelations in India,"Jul 28, 2021 — The Pegasus Project is a journalistic investigation into the Israeli surveillance company NSO Group and its clients by a consortium of ...",https://www.accessnow.org/cms/assets/uploads/2021/07/India_Parliament_Brief_Explainer_Pegasus_Project.pdf,117,2021-10-17 14:08:08
Pegasus Project is serious national security concern - Delhi ...,"Jul 20, 2021 — New Delhi [India], July 20 (ANI): Congress MP Shashi Tharoor on Tuesday said the Pegasus Project media report issue is a matter of serious ...",https://www.delhinews.net/news/270374402/pegasus-project-is-serious-national-security-concern,118,2021-10-17 14:08:08
Project Pegasus and the right to cultivate one's personal ...,"Jul 21, 2021 — The database shows potential targets of NSO clients whose mobile phones were to be infected by the Pegasus spyware. Amid widespread condemnation ...",https://genevasolutions.news/science-tech/project-pegasus-and-the-right-to-cultivate-one-s-personal-digital-garden,119,2021-10-17 14:08:08
Project Pegasus: Global news organizations reveal expansive ...,"Jul 21, 2021 — The news project is eponymously concerned with Pegasus, the cyberespionage tool developed by the NSO Group. Want more insight? Log in for the ...",https://www.oodaloop.com/archive/2021/07/21/project-pegasus-global-news-organizations-reveal-expansive-investigation-of-nso-group-zero-click-surveillance-software/,120,2021-10-17 14:08:08
Dreams Are Reality: Reprogram Your Subconscious and Obtain ...,"... Paris Hilton India, Shakira Loca, Shakira, Metallica, Pitbull, Akon, Celine Dion, ... Kristin Hoffman, the 2 Nithyananda sites and Project Pegasus.",https://books.google.com/books?id=7ZYjVMvkmXMC&pg=PA230&lpg=PA230&dq=project%2Bpegasus%2Bindia%2Bnews&source=bl&ots=wghSuSt2TI&sig=ACfU3U10xSH0pOA6rPkbra98kEBxlQ20NQ&hl=en&sa=X&ved=2ahUKEwi3_P3zwdHzAhVxs4sKHav1ARE4ZBDoAXoECFUQAw,121,2021-10-17 14:08:08
柔らかい 【送料無料】モダン こたつ/コタツ 【ナチュラル ...,"Jul 23, 2021 — 【送料無料】モダン こたつ/コタツ 【ナチュラル】 幅120×奥行75cm フラットヒーター オールシーズン 『ルーン120NA』 〔リビング〕【代引不可】",https://damrua.com/2021/07/23/pegasus-scandal-anil-ambani-on-latest-list-of-potential-pegasus-targets-pegasus-%E0%A4%B5%E0%A4%BF%E0%A4%B5%E0%A4%BE%E0%A4%A6-%E0%A4%89%E0%A4%A6%E0%A5%8D%E0%A4%AF%E0%A5%8B%E0%A4%97%E0%A4%AA/,122,2021-10-17 14:08:08
Scientific and Technical Aerospace Reports,... carbide c17 N67-34377 Scientific results project Pegasus Interim report ... biology of Space flight ( NASA NEWS RELEASE - 67-217 ] c31 N67-34623 NASA ...,https://books.google.com/books?id=YjCNfuYY1NMC&pg=SA1-PA110&lpg=SA1-PA110&dq=project%2Bpegasus%2Bindia%2Bnews&source=bl&ots=cDCOh8GcO1&sig=ACfU3U0R-JUOHd0rf5fu3FTYL3PGsmgkUg&hl=en&sa=X&ved=2ahUKEwi3_P3zwdHzAhVxs4sKHav1ARE4ZBDoAXoECEAQAw,123,2021-10-17 14:08:08
Project Sunshine: How science can use the sun to fuel and ...,"... government of India, Department of Atomic Energy www.iaea.org; ... 2001), ISBN: 978-0306810381 news.nationalgeographic.co.uk/news/energy/2011/04/ ...",https://books.google.com/books?id=mglnAgAAQBAJ&pg=PT184&lpg=PT184&dq=project%2Bpegasus%2Bindia%2Bnews&source=bl&ots=8z76mpp0by&sig=ACfU3U2HV3DilL9b1nsSYWMmO2HxhoMxPg&hl=en&sa=X&ved=2ahUKEwi3_P3zwdHzAhVxs4sKHav1ARE4ZBDoAXoECE8QAw,124,2021-10-17 14:08:08
Index to NASA News Releases and Speeches,... METEOROID DETECTORS SA PEGASUS METEOROID DETECTION SATELLITE PEGASUS ... COSPAR ACTIVITIES IN GARP P68-10275 05 MERCURY PROJECT SEAMANS NAMED NASA ...,https://books.google.com/books?id=bVBpSNm1wQ0C&pg=PA56&lpg=PA56&dq=project%2Bpegasus%2Bindia%2Bnews&source=bl&ots=DQoFPtP4NB&sig=ACfU3U14iiOXi9WVehEwSrEeR2LqHPQyTA&hl=en&sa=X&ved=2ahUKEwi3_P3zwdHzAhVxs4sKHav1ARE4ZBDoAXoECE0QAw,125,2021-10-17 14:08:08
Index to NASA News Releases and Speeches,... METEOROID DETECTORS SA PEGASUS METEOROID DETECTION SATELLITE PEGASUS ... COSPAR ACTIVITIES IN GARP P68-10275 05 MERCURY PROJECT SEAMANS NAMED NASA ...,https://books.google.com/books?id=pYhwOHhUvDEC&pg=PA56&lpg=PA56&dq=project%2Bpegasus%2Bindia%2Bnews&source=bl&ots=xS17ojnjxY&sig=ACfU3U3KGke0i6pqlcrHi95lc-EifeZxXg&hl=en&sa=X&ved=2ahUKEwi3_P3zwdHzAhVxs4sKHav1ARE4ZBDoAXoECFQQAw,126,2021-10-17 14:08:08
Guide to UPSC CAPF Assistant Commandant Paper I & II,"(c) India's Vice-President, M. Venkaiah Naidu inaugurated the World ... (d) The Project BOLD (Bamboo Oasis on Lands or any other communication device like a ...",https://books.google.com/books?id=Sc9CEAAAQBAJ&pg=PA474&lpg=PA474&dq=project%2Bpegasus%2Bindia%2Bnews&source=bl&ots=PG_IV2HetX&sig=ACfU3U1jipJgCcjehtvCeA7Kjtqw3ELcsQ&hl=en&sa=X&ved=2ahUKEwi3_P3zwdHzAhVxs4sKHav1ARE4ZBDoAXoECFEQAw,127,2021-10-17 14:08:08
Indian Engineering - Volume 28 - Page 73 - Google Books Result,"There are of India could purchase the undertaking of the G. I. P. R. , 164 in all ... Bombay lost a very de Lotbiniere's Pegasus ; which we are now told ...",https://books.google.com/books?id=oMJW15IW2qsC&pg=PA73&lpg=PA73&dq=project%2Bpegasus%2Bindia%2Bnews&source=bl&ots=X91lDTHDuK&sig=ACfU3U0S6eSWy6A_GzASG27Nuu2U4In2eQ&hl=en&sa=X&ved=2ahUKEwi3_P3zwdHzAhVxs4sKHav1ARE4ZBDoAXoECEoQAw,128,2021-10-17 14:08:08
Minerals Yearbook - Volume 1 - Page 33-6 - Google Books Result,"-1999a , Apollo Gold takes over three Pegasus gold mines : Platt's Metals Week , v . 70 , no . 1 , January 4 , p . 1 . -1999b , India hikes gold import duty ...",https://books.google.com/books?id=60ZKXLlJ4z0C&pg=SA33-PA6&lpg=SA33-PA6&dq=project%2Bpegasus%2Bindia%2Bnews&source=bl&ots=lTs4kba3dQ&sig=ACfU3U3xIvV4hjKUA9n63UdDpV1Mycc6EQ&hl=en&sa=X&ved=2ahUKEwi3_P3zwdHzAhVxs4sKHav1ARE4ZBDoAXoECE4QAw,129,2021-10-17 14:08:08
Minerals Yearbook - Page 33-6 - Google Books Result,"-1999a , Apollo Gold takes over three Pegasus gold mines : Platt's Metals Week , v . 70 , no . 1 , January 4 , p . 1 . -1999b , India hikes gold import duty ...",https://books.google.com/books?id=iBmR67ZU_jYC&pg=SA33-PA6&lpg=SA33-PA6&dq=project%2Bpegasus%2Bindia%2Bnews&source=bl&ots=QRTpXNBbNv&sig=ACfU3U1T2bOdOnRQAam9gu4vKYhM-2sYrg&hl=en&sa=X&ved=2ahUKEwi3_P3zwdHzAhVxs4sKHav1ARE4ZBDoAXoECEEQAw,130,2021-10-17 14:08:08
